{"cameraMatrix": [909.0792629205071, 0.0, 639.6442038566387, 0.0, 908.860049933749, 364.61659944940453, 0.0, 0.0, 1.0], "DepthScale": 0.0010000000474974513, "Camera_Transformation": [-0.1206915093836729, -0.9920906097703757, 0.034493210464306645, 0.15426261197045524, -0.3281222674484514, 0.007074941182688699, -0.9446087670627181, 0.07266340025401381, 0.9368934502744576, -0.12532424830297467, -0.3263809057223118, 0.4141028064433869, 0.0, 0.0, 0.0, 1.0], "Intrinsics": {"fx": 909.0792629205071, "fy": 908.860049933749, "ppx": 639.6442038566387, "ppy": 364.61659944940453}}