{"cameraMatrix": [902.2339466347986, 0.0, 640.4174320514304, 0.0, 901.9397433831627, 370.920454798831, 0.0, 0.0, 1.0], "DepthScale": 0.0010000000474974513, "Camera_Transformation": [0.6219708716596895, 0.0544278039036704, 0.781146496483924, -0.41335322666778285, -0.16198769864691542, -0.9670586553147146, 0.19636074625029348, 0.13449281977138944, 0.7661019646848334, -0.24866678777657392, -0.5926656800953793, 0.6936155862056401, 0.0, 0.0, 0.0, 1.0], "Intrinsics": {"fx": 902.2339466347986, "fy": 901.9397433831627, "ppx": 640.4174320514304, "ppy": 370.920454798831}}