{"cameraMatrix": [912.7331848305221, 0.0, 641.9770404469256, 0.0, 912.043533085843, 362.88386799435466, 0.0, 0.0, 1.0], "DepthScale": 0.0010000000474974513, "Camera_Transformation": [0.9906527659471525, 0.12850833726177696, -0.045746088089245775, -0.22135932656378848, 0.0221047116204759, -0.48216737190746306, -0.8758002096323256, 0.03197862582816588, -0.1346048997824048, 0.866602696004382, -0.48050108036559624, 0.38010265112356445, 0.0, 0.0, 0.0, 1.0], "Intrinsics": {"fx": 912.7331848305221, "fy": 912.043533085843, "ppx": 641.9770404469256, "ppy": 362.88386799435466}}