{"cameraMatrix": [909.0792629205071, 0.0, 639.6442038566387, 0.0, 908.860049933749, 364.61659944940453, 0.0, 0.0, 1.0], "DepthScale": 0.0010000000474974513, "Camera_Transformation": [-0.12198791487656857, -0.9919103386586273, 0.03511166025972423, 0.15429215154441783, -0.32782223620159734, 0.006875480077881524, -0.9447144061701835, 0.07261671622981783, 0.9368305770393338, -0.1267541235456499, -0.3260089908090312, 0.41426302836232787, 0.0, 0.0, 0.0, 1.0], "Intrinsics": {"fx": 909.0792629205071, "fy": 908.860049933749, "ppx": 639.6442038566387, "ppy": 364.61659944940453}}