{"cameraMatrix": [912.7331848305221, 0.0, 641.9770404469256, 0.0, 912.043533085843, 362.88386799435466, 0.0, 0.0, 1.0], "DepthScale": 0.0010000000474974513, "Camera_Transformation": [0.9906675685684918, 0.12835693658554193, -0.04585046801252723, -0.22137603010328652, 0.022094181629173516, -0.4831718639954337, -0.8752467063527376, 0.03200979955224487, -0.13449764207869855, 0.8660654979119959, -0.4814986371753476, 0.38009083549686246, 0.0, 0.0, 0.0, 1.0], "Intrinsics": {"fx": 912.7331848305221, "fy": 912.043533085843, "ppx": 641.9770404469256, "ppy": 362.88386799435466}}