{"cameraMatrix": [906.8604061801859, 0.0, 651.2024739640107, 0.0, 907.1579224263027, 361.3293561485769, 0.0, 0.0, 1.0], "DepthScale": 0.0010000000474974513, "Camera_Transformation": [0.5927868763627007, -0.043795197269389366, 0.8041677063326327, -0.2153862411502994, 0.2496183910577387, -0.939355862686319, -0.23516211872363124, 0.12602357850157175, 0.7656986209063577, 0.34013606679235986, -0.5459057409563718, 0.5502578563086912, 0.0, 0.0, 0.0, 1.0], "Intrinsics": {"fx": 906.8604061801859, "fy": 907.1579224263027, "ppx": 651.2024739640107, "ppy": 361.3293561485769}}