{"cameraMatrix": [902.2339466347986, 0.0, 640.4174320514304, 0.0, 901.9397433831627, 370.920454798831, 0.0, 0.0, 1.0], "DepthScale": 0.0010000000474974513, "Camera_Transformation": [0.9445439570786742, -0.32453823125836756, 0.05011636058065222, -0.10128993358107273, -0.3164818402541175, -0.9403602917428404, -0.12474680958921279, 0.27331467964892564, 0.087612544395919, 0.10196792713893123, -0.9909220877039036, 0.7445871238039997, 0.0, 0.0, 0.0, 1.0], "Intrinsics": {"fx": 902.2339466347986, "fy": 901.9397433831627, "ppx": 640.4174320514304, "ppy": 370.920454798831}}