{"cameraMatrix": [912.7331848305221, 0.0, 641.9770404469256, 0.0, 912.043533085843, 362.88386799435466, 0.0, 0.0, 1.0], "DepthScale": 0.0010000000474974513, "Camera_Transformation": [-0.08026554191842461, 0.9966321404180125, 0.016787479452047893, -0.18124866945637907, 0.3697517171999401, 0.04541037843829332, -0.9280202396272329, -0.11760714655335651, -0.9256571235658684, -0.06828084809009272, -0.3721513339702822, 0.7144451943569704, 0.0, 0.0, 0.0, 1.0], "Intrinsics": {"fx": 912.7331848305221, "fy": 912.043533085843, "ppx": 641.9770404469256, "ppy": 362.88386799435466}}