{"cameraMatrix": [906.8604061801859, 0.0, 651.2024739640107, 0.0, 907.1579224263027, 361.3293561485769, 0.0, 0.0, 1.0], "DepthScale": 0.0010000000474974513, "Camera_Transformation": [0.5921443417658222, -0.043818956247752075, 0.80463965698198, -0.21537163141271207, 0.24988389534974687, -0.9393144021431503, -0.23504572485219316, 0.12599520109500434, 0.7661090766722176, 0.3402474878670138, -0.5452600568908643, 0.550328312697158, 0.0, 0.0, 0.0, 1.0], "Intrinsics": {"fx": 906.8604061801859, "fy": 907.1579224263027, "ppx": 651.2024739640107, "ppy": 361.3293561485769}}