{"cameraMatrix": [902.3850698913135, 0.0, 636.8986717777359, 0.0, 902.4399923087993, 372.8962721405813, 0.0, 0.0, 1.0], "DepthScale": 0.0010000000474974513, "Camera_Transformation": [0.9653829458486315, -0.031316642659337916, 0.25894987112791734, -0.3374780482585236, 0.11146023822693524, -0.8480326238069169, -0.5180900348911865, 0.10989456529433647, 0.23582277913512195, 0.529017898422826, -0.8151856720951884, 0.5002334624722379, 0.0, 0.0, 0.0, 1.0], "Intrinsics": {"fx": 902.3850698913135, "fy": 902.4399923087993, "ppx": 636.8986717777359, "ppy": 372.8962721405813}}