{"cameraMatrix": [902.2339466347986, 0.0, 640.4174320514304, 0.0, 901.9397433831627, 370.920454798831, 0.0, 0.0, 1.0], "DepthScale": 0.0010000000474974513, "Camera_Transformation": [0.9444435924916547, -0.32459963422797095, 0.05158854582680759, -0.10120405836962763, -0.31638274331478883, -0.9403792406604278, -0.1248552901062893, 0.27329175438230197, 0.08904077905131771, 0.10159705307726553, -0.9908328711099313, 0.7442318163957546, 0.0, 0.0, 0.0, 1.0], "Intrinsics": {"fx": 902.2339466347986, "fy": 901.9397433831627, "ppx": 640.4174320514304, "ppy": 370.920454798831}}