{"cameraMatrix": [912.7331848305221, 0.0, 641.9770404469256, 0.0, 912.043533085843, 362.88386799435466, 0.0, 0.0, 1.0], "DepthScale": 0.0010000000474974513, "Camera_Transformation": [0.9906314533369596, 0.12862551078937137, -0.045878117154880986, -0.22135756604556808, 0.02229692255863707, -0.48378391893893263, -0.8749034043941666, 0.03200620649981647, -0.1347299925922874, 0.8656838901991082, -0.4821195197726603, 0.38028421836434073, 0.0, 0.0, 0.0, 1.0], "Intrinsics": {"fx": 912.7331848305221, "fy": 912.043533085843, "ppx": 641.9770404469256, "ppy": 362.88386799435466}}