{"cameraMatrix": [902.2339466347986, 0.0, 640.4174320514304, 0.0, 901.9397433831627, 370.920454798831, 0.0, 0.0, 1.0], "DepthScale": 0.0010000000474974513, "Camera_Transformation": [0.8201746433085692, 0.19570273776506802, -0.5376002166153937, -0.06872536784405403, 0.378922903597727, -0.8898416734159269, 0.2541637845591116, 0.0017026055680633928, -0.4286385279028576, -0.4121677263973974, -0.8039818267309724, 0.9557125763194425, 0.0, 0.0, 0.0, 1.0], "Intrinsics": {"fx": 902.2339466347986, "fy": 901.9397433831627, "ppx": 640.4174320514304, "ppy": 370.920454798831}}