{"cameraMatrix": [902.2339466347986, 0.0, 640.4174320514304, 0.0, 901.9397433831627, 370.920454798831, 0.0, 0.0, 1.0], "DepthScale": 0.0010000000474974513, "Camera_Transformation": [0.9444530501208568, -0.32463014818605734, 0.05122209490160916, -0.10122325743729847, -0.31649082683799873, -0.9404025381544311, -0.12440507529881392, 0.2733378839714546, 0.08855502608441197, 0.10128342964869491, -0.9909085095172949, 0.744426721936859, 0.0, 0.0, 0.0, 1.0], "Intrinsics": {"fx": 902.2339466347986, "fy": 901.9397433831627, "ppx": 640.4174320514304, "ppy": 370.920454798831}}