{"cameraMatrix": [909.0792629205071, 0.0, 639.6442038566387, 0.0, 908.860049933749, 364.61659944940453, 0.0, 0.0, 1.0], "DepthScale": 0.0010000000474974513, "Camera_Transformation": [0.7096655517213543, 0.288083676101827, -0.6429483651613747, -0.2042207870233805, -0.0042214823177020855, -0.9108255054250636, -0.41277000588005286, 0.15438420244272133, -0.7045260703388257, 0.2956428491116184, -0.6451653446846761, 0.7114367881278975, 0.0, 0.0, 0.0, 1.0], "Intrinsics": {"fx": 909.0792629205071, "fy": 908.860049933749, "ppx": 639.6442038566387, "ppy": 364.61659944940453}}