{"cameraMatrix": [912.7331848305221, 0.0, 641.9770404469256, 0.0, 912.043533085843, 362.88386799435466, 0.0, 0.0, 1.0], "DepthScale": 0.0010000000474974513, "Camera_Transformation": [-0.08026162313271068, 0.9966323594546036, 0.01679321112987614, -0.18124779317010362, 0.36930538852107886, 0.045381325851331145, -0.9281993672015028, -0.11740442635354084, -0.9258356235646787, -0.06829696444151218, -0.37170407959380414, 0.714498591363993, 0.0, 0.0, 0.0, 1.0], "Intrinsics": {"fx": 912.7331848305221, "fy": 912.043533085843, "ppx": 641.9770404469256, "ppy": 362.88386799435466}}