{"cameraMatrix": [902.2339466347986, 0.0, 640.4174320514304, 0.0, 901.9397433831627, 370.920454798831, 0.0, 0.0, 1.0], "DepthScale": 0.0010000000474974513, "Camera_Transformation": [0.9444649069295279, -0.32461909461700755, 0.051073309943967256, -0.10121322530866855, -0.3164769238405267, -0.9403804537724607, -0.12460721824652926, 0.2733379378306091, 0.08847822475070166, 0.1015236207625351, -0.9908907902348418, 0.7444372620036114, 0.0, 0.0, 0.0, 1.0], "Intrinsics": {"fx": 902.2339466347986, "fy": 901.9397433831627, "ppx": 640.4174320514304, "ppy": 370.920454798831}}