{"cameraMatrix": [912.7331848305221, 0.0, 641.9770404469256, 0.0, 912.043533085843, 362.88386799435466, 0.0, 0.0, 1.0], "DepthScale": 0.0010000000474974513, "Camera_Transformation": [0.9906885954040385, 0.12823768876109629, -0.04572966343179157, -0.2213803174221407, 0.02202516932755475, -0.48241632624986897, -0.8756651072662838, 0.03200778308953323, -0.13435400571797357, 0.8665042315815843, -0.48074880946159665, 0.3799863715682764, 0.0, 0.0, 0.0, 1.0], "Intrinsics": {"fx": 912.7331848305221, "fy": 912.043533085843, "ppx": 641.9770404469256, "ppy": 362.88386799435466}}