{"cameraMatrix": [906.8604061801859, 0.0, 651.2024739640107, 0.0, 907.1579224263027, 361.3293561485769, 0.0, 0.0, 1.0], "DepthScale": 0.0010000000474974513, "Camera_Transformation": [0.5921713260298661, -0.04372389192585242, 0.8046249697237133, -0.21542980579962764, 0.2500907847876339, -0.9392467557325047, -0.23509600424139518, 0.12599397221282804, 0.766020704676013, 0.3404464027138796, -0.5452600543656608, 0.5503933714761196, 0.0, 0.0, 0.0, 1.0], "Intrinsics": {"fx": 906.8604061801859, "fy": 907.1579224263027, "ppx": 651.2024739640107, "ppy": 361.3293561485769}}