{"cameraMatrix": [906.8604061801859, 0.0, 651.2024739640107, 0.0, 907.1579224263027, 361.3293561485769, 0.0, 0.0, 1.0], "DepthScale": 0.0010000000474974513, "Camera_Transformation": [0.5927886839319131, -0.04392632329781343, 0.8041592219976135, -0.2154081660253152, 0.24939807682139087, -0.9394151196805409, -0.23515916353267308, 0.12604610374483485, 0.7657690092188785, 0.3399554544894534, -0.5459195119088588, 0.5503461190305629, 0.0, 0.0, 0.0, 1.0], "Intrinsics": {"fx": 906.8604061801859, "fy": 907.1579224263027, "ppx": 651.2024739640107, "ppy": 361.3293561485769}}