{"cameraMatrix": [912.7331848305221, 0.0, 641.9770404469256, 0.0, 912.043533085843, 362.88386799435466, 0.0, 0.0, 1.0], "DepthScale": 0.0010000000474974513, "Camera_Transformation": [0.9906652427264688, 0.12840965995776088, -0.0457529898830568, -0.2213692072742542, 0.022176713639579404, -0.48298198367513984, -0.875349414129795, 0.0320179013957606, -0.13450119042541953, 0.8661635888645743, -0.4813211683474828, 0.38009684833830565, 0.0, 0.0, 0.0, 1.0], "Intrinsics": {"fx": 912.7331848305221, "fy": 912.043533085843, "ppx": 641.9770404469256, "ppy": 362.88386799435466}}