{"cameraMatrix": [906.8604061801859, 0.0, 651.2024739640107, 0.0, 907.1579224263027, 361.3293561485769, 0.0, 0.0, 1.0], "DepthScale": 0.0010000000474974513, "Camera_Transformation": [0.5922679166399205, -0.04418639896515168, 0.8045286054985873, -0.2152622920022586, 0.2497677583789989, -0.939242507647823, -0.23545610780304513, 0.12599186677942334, 0.7660514224210663, 0.34039840477581795, -0.5452468654038642, 0.5500535297704691, 0.0, 0.0, 0.0, 1.0], "Intrinsics": {"fx": 906.8604061801859, "fy": 907.1579224263027, "ppx": 651.2024739640107, "ppy": 361.3293561485769}}