{"cameraMatrix": [902.2339466347986, 0.0, 640.4174320514304, 0.0, 901.9397433831627, 370.920454798831, 0.0, 0.0, 1.0], "DepthScale": 0.0010000000474974513, "Camera_Transformation": [0.9444887146569727, -0.3246158238701638, 0.050652095501705116, -0.1012278426992857, -0.3165153044799082, -0.9403655093400041, -0.12462251351062459, 0.27332571379405995, 0.08808592348162149, 0.10167239417270346, -0.9909104875555513, 0.7444926910735679, 0.0, 0.0, 0.0, 1.0], "Intrinsics": {"fx": 902.2339466347986, "fy": 901.9397433831627, "ppx": 640.4174320514304, "ppy": 370.920454798831}}