{"cameraMatrix": [904.0120658325285, 0.0, 624.5689578985651, 0.0, 903.3693015912921, 356.43064035564464, 0.0, 0.0, 1.0], "DepthScale": 0.0010000000474974513, "Camera_Transformation": [0.8848750772981491, -0.3194757900316952, -0.33901521670895346, -0.2634798329665035, -0.45476978209287117, -0.7500957920410948, -0.48014659017579725, 0.40452632295888397, -0.10089867626384842, 0.5790436273251496, -0.8090290073800421, 0.5356089061777016, 0.0, 0.0, 0.0, 1.0], "Intrinsics": {"fx": 904.0120658325285, "fy": 903.3693015912921, "ppx": 624.5689578985651, "ppy": 356.43064035564464}}