{"cameraMatrix": [904.0120658325285, 0.0, 624.5689578985651, 0.0, 903.3693015912921, 356.43064035564464, 0.0, 0.0, 1.0], "DepthScale": 0.0010000000474974513, "Camera_Transformation": [0.8841834355034955, -0.323364904795133, -0.33712726191761966, -0.262075971583526, -0.4561303444828615, -0.7533845806760682, -0.4736631529277858, 0.40610786861535475, -0.10082044050282095, 0.5725790879401548, -0.8136267122153976, 0.5387518462749582, 0.0, 0.0, 0.0, 1.0], "Intrinsics": {"fx": 904.0120658325285, "fy": 903.3693015912921, "ppx": 624.5689578985651, "ppy": 356.43064035564464}}