{"cameraMatrix": [902.2339466347986, 0.0, 640.4174320514304, 0.0, 901.9397433831627, 370.920454798831, 0.0, 0.0, 1.0], "DepthScale": 0.0010000000474974513, "Camera_Transformation": [0.8199851483828712, 0.19576407563628823, -0.5378668823433831, -0.06869938434803888, 0.3790053487788923, -0.8898774531910738, 0.2539154660495468, 0.0016857652319336247, -0.4289280849146059, -0.41206133644451276, -0.8038819272623628, 0.9557645007039687, 0.0, 0.0, 0.0, 1.0], "Intrinsics": {"fx": 902.2339466347986, "fy": 901.9397433831627, "ppx": 640.4174320514304, "ppy": 370.920454798831}}