{"cameraMatrix": [902.3850698913135, 0.0, 636.8986717777359, 0.0, 902.4399923087993, 372.8962721405813, 0.0, 0.0, 1.0], "DepthScale": 0.0010000000474974513, "Camera_Transformation": [0.9651890229697325, -0.031434687248415145, 0.25965748665564825, -0.33737965002606407, 0.11160497441700876, -0.8483398491650521, -0.5175556298640712, 0.10989664167199713, 0.23654699242246277, 0.5285180798763757, -0.8153000426957405, 0.5000629126113055, 0.0, 0.0, 0.0, 1.0], "Intrinsics": {"fx": 902.3850698913135, "fy": 902.4399923087993, "ppx": 636.8986717777359, "ppy": 372.8962721405813}}