{"cameraMatrix": [904.0120658325285, 0.0, 624.5689578985651, 0.0, 903.3693015912921, 356.43064035564464, 0.0, 0.0, 1.0], "DepthScale": 0.0010000000474974513, "Camera_Transformation": [0.882824626417266, -0.3215303731078541, -0.3424016620291702, -0.2619551833929452, -0.4574459505177691, -0.7540037632624227, -0.471403783757618, 0.40673024403153135, -0.10660150724126141, 0.5727971230333027, -0.8127358577660166, 0.5411198409687978, 0.0, 0.0, 0.0, 1.0], "Intrinsics": {"fx": 904.0120658325285, "fy": 903.3693015912921, "ppx": 624.5689578985651, "ppy": 356.43064035564464}}