{"cameraMatrix": [902.3850698913135, 0.0, 636.8986717777359, 0.0, 902.4399923087993, 372.8962721405813, 0.0, 0.0, 1.0], "DepthScale": 0.0010000000474974513, "Camera_Transformation": [0.9652224135975386, -0.031496986659954714, 0.259525783151281, -0.33738830215171767, 0.11152600486730116, -0.8482433046428188, -0.5177308628688932, 0.10988748705656386, 0.23644797002148657, 0.5286693068071691, -0.81523071673775, 0.5000848806993016, 0.0, 0.0, 0.0, 1.0], "Intrinsics": {"fx": 902.3850698913135, "fy": 902.4399923087993, "ppx": 636.8986717777359, "ppy": 372.8962721405813}}