{"cameraMatrix": [912.7331848305221, 0.0, 641.9770404469256, 0.0, 912.043533085843, 362.88386799435466, 0.0, 0.0, 1.0], "DepthScale": 0.0010000000474974513, "Camera_Transformation": [-0.08018214852602035, 0.9966406316011973, 0.01668156165703555, -0.18127417781197253, 0.3699964354286172, 0.04529857461505282, -0.9279281636570587, -0.11771528367049143, -0.9255665620731273, -0.0682311554893415, -0.3723856181335702, 0.7143924612264887, 0.0, 0.0, 0.0, 1.0], "Intrinsics": {"fx": 912.7331848305221, "fy": 912.043533085843, "ppx": 641.9770404469256, "ppy": 362.88386799435466}}