{"cameraMatrix": [912.7331848305221, 0.0, 641.9770404469256, 0.0, 912.043533085843, 362.88386799435466, 0.0, 0.0, 1.0], "DepthScale": 0.0010000000474974513, "Camera_Transformation": [-0.08036720079506299, 0.9966289721827539, 0.016486504854392847, -0.18120118874268762, 0.3703993856525713, 0.04521609446309949, -0.9277714157645203, -0.11786044797935465, -0.9253893278747948, -0.068455800393042, -0.37278464996292976, 0.7144165945276795, 0.0, 0.0, 0.0, 1.0], "Intrinsics": {"fx": 912.7331848305221, "fy": 912.043533085843, "ppx": 641.9770404469256, "ppy": 362.88386799435466}}