{"cameraMatrix": [906.8604061801859, 0.0, 651.2024739640107, 0.0, 907.1579224263027, 361.3293561485769, 0.0, 0.0, 1.0], "DepthScale": 0.0010000000474974513, "Camera_Transformation": [0.5889039514067784, -0.060367226101706625, 0.8059453666535142, -0.2117207319005953, 0.2241927299750524, -0.9458698386887396, -0.23466543862544154, 0.13931879039640513, 0.7764855155402549, 0.31888249602592345, -0.5434925922995284, 0.5514679447274051, 0.0, 0.0, 0.0, 1.0], "Intrinsics": {"fx": 906.8604061801859, "fy": 907.1579224263027, "ppx": 651.2024739640107, "ppy": 361.3293561485769}}