{"cameraMatrix": [904.0120658325285, 0.0, 624.5689578985651, 0.0, 903.3693015912921, 356.43064035564464, 0.0, 0.0, 1.0], "DepthScale": 0.0010000000474974513, "Camera_Transformation": [0.8840834522224305, -0.32436708312358864, -0.33642598724290734, -0.2617551119243188, -0.456410674390778, -0.7539971786337221, -0.47241671320407613, 0.4064533051696216, -0.10042781391937765, 0.571204210417152, -0.8146410278110799, 0.5393385604371538, 0.0, 0.0, 0.0, 1.0], "Intrinsics": {"fx": 904.0120658325285, "fy": 903.3693015912921, "ppx": 624.5689578985651, "ppy": 356.43064035564464}}