{"cameraMatrix": [904.0120658325285, 0.0, 624.5689578985651, 0.0, 903.3693015912921, 356.43064035564464, 0.0, 0.0, 1.0], "DepthScale": 0.0010000000474974513, "Camera_Transformation": [0.8842934617718515, -0.32354520241623, -0.33666537609471475, -0.2620201313290813, -0.45583621397314394, -0.7544284235849301, -0.4722828598602615, 0.4062865916894548, -0.10118507547155901, 0.5711009154962002, -0.8146197424695875, 0.5399556416248886, 0.0, 0.0, 0.0, 1.0], "Intrinsics": {"fx": 904.0120658325285, "fy": 903.3693015912921, "ppx": 624.5689578985651, "ppy": 356.43064035564464}}