{"cameraMatrix": [902.2339466347986, 0.0, 640.4174320514304, 0.0, 901.9397433831627, 370.920454798831, 0.0, 0.0, 1.0], "DepthScale": 0.0010000000474974513, "Camera_Transformation": [0.6228051745340925, 0.05245908412022648, 0.7806162687689936, -0.4131192966442941, -0.16204305941290525, -0.9674655655038835, 0.19429983649081237, 0.13448834746887292, 0.7654121513731437, -0.24750439199642046, -0.5940419298945303, 0.6933961255365718, 0.0, 0.0, 0.0, 1.0], "Intrinsics": {"fx": 902.2339466347986, "fy": 901.9397433831627, "ppx": 640.4174320514304, "ppy": 370.920454798831}}