{"cameraMatrix": [909.0792629205071, 0.0, 639.6442038566387, 0.0, 908.860049933749, 364.61659944940453, 0.0, 0.0, 1.0], "DepthScale": 0.0010000000474974513, "Camera_Transformation": [0.7095158940400064, 0.2879071513675348, -0.6431925592666953, -0.2041058359727132, -0.0040485214011212745, -0.9110514979320248, -0.41227269808984257, 0.15439202385947998, -0.7046778026723096, 0.29511801081473354, -0.6452399198078806, 0.7116882712455741, 0.0, 0.0, 0.0, 1.0], "Intrinsics": {"fx": 909.0792629205071, "fy": 908.860049933749, "ppx": 639.6442038566387, "ppy": 364.61659944940453}}