{"cameraMatrix": [902.2339466347986, 0.0, 640.4174320514304, 0.0, 901.9397433831627, 370.920454798831, 0.0, 0.0, 1.0], "DepthScale": 0.0010000000474974513, "Camera_Transformation": [0.8203193038874153, 0.19550617162626016, -0.5374509991857034, -0.06868889952091316, 0.37890969975001254, -0.8896954439013723, 0.2546948302115603, 0.001686696632723677, -0.428373294108098, -0.41257648255466944, -0.8039135320031587, 0.9556907519561335, 0.0, 0.0, 0.0, 1.0], "Intrinsics": {"fx": 902.2339466347986, "fy": 901.9397433831627, "ppx": 640.4174320514304, "ppy": 370.920454798831}}