{"cameraMatrix": [912.7331848305221, 0.0, 641.9770404469256, 0.0, 912.043533085843, 362.88386799435466, 0.0, 0.0, 1.0], "DepthScale": 0.0010000000474974513, "Camera_Transformation": [0.9906262849800196, 0.1286553885723808, -0.045905930967302916, -0.2213543577744244, 0.02213334722147739, -0.48279637869886183, -0.875452895166861, 0.032009734520419664, -0.13479494963632202, 0.8662305973045255, -0.48111835741944675, 0.38022398641621546, 0.0, 0.0, 0.0, 1.0], "Intrinsics": {"fx": 912.7331848305221, "fy": 912.043533085843, "ppx": 641.9770404469256, "ppy": 362.88386799435466}}