{"cameraMatrix": [904.0120658325285, 0.0, 624.5689578985651, 0.0, 903.3693015912921, 356.43064035564464, 0.0, 0.0, 1.0], "DepthScale": 0.0010000000474974513, "Camera_Transformation": [0.8838866454084154, -0.32280429071644934, -0.338440228051733, -0.2621737077334974, -0.45650520710248044, -0.7528331152008185, -0.4741785492252394, 0.4061063226670912, -0.1017221409378533, 0.5736198135978928, -0.8127809763343002, 0.5385351670393742, 0.0, 0.0, 0.0, 1.0], "Intrinsics": {"fx": 904.0120658325285, "fy": 903.3693015912921, "ppx": 624.5689578985651, "ppy": 356.43064035564464}}