{"cameraMatrix": [902.2339466347986, 0.0, 640.4174320514304, 0.0, 901.9397433831627, 370.920454798831, 0.0, 0.0, 1.0], "DepthScale": 0.0010000000474974513, "Camera_Transformation": [0.6234162781692315, 0.053855515476563365, 0.7800331579916184, -0.41338899594649015, -0.16126372130947558, -0.9673194139437865, 0.1956710596814697, 0.13447530700496083, 0.7650791830281642, -0.24777557357456187, -0.5943577280028868, 0.6935111107782563, 0.0, 0.0, 0.0, 1.0], "Intrinsics": {"fx": 902.2339466347986, "fy": 901.9397433831627, "ppx": 640.4174320514304, "ppy": 370.920454798831}}