{"cameraMatrix": [902.2339466347986, 0.0, 640.4174320514304, 0.0, 901.9397433831627, 370.920454798831, 0.0, 0.0, 1.0], "DepthScale": 0.0010000000474974513, "Camera_Transformation": [0.9445223252183267, -0.32450974626263884, 0.05070504654097814, -0.10127220031337279, -0.31639702630978406, -0.9403945004026546, -0.12470407112347033, 0.2733001580832392, 0.0881504333879919, 0.10174285327726713, -0.9908975188688838, 0.7444787972906346, 0.0, 0.0, 0.0, 1.0], "Intrinsics": {"fx": 902.2339466347986, "fy": 901.9397433831627, "ppx": 640.4174320514304, "ppy": 370.920454798831}}