{"cameraMatrix": [902.3850698913135, 0.0, 636.8986717777359, 0.0, 902.4399923087993, 372.8962721405813, 0.0, 0.0, 1.0], "DepthScale": 0.0010000000474974513, "Camera_Transformation": [0.9651725423359137, -0.03141971115642777, 0.25972055227046575, -0.33737899144964456, 0.11163113144218081, -0.8483846299735573, -0.5174765792937577, 0.10990867375685275, 0.23660188928613318, 0.5284470847449882, -0.8153301322843132, 0.5000691283383705, 0.0, 0.0, 0.0, 1.0], "Intrinsics": {"fx": 902.3850698913135, "fy": 902.4399923087993, "ppx": 636.8986717777359, "ppy": 372.8962721405813}}