{"cameraMatrix": [912.7331848305221, 0.0, 641.9770404469256, 0.0, 912.043533085843, 362.88386799435466, 0.0, 0.0, 1.0], "DepthScale": 0.0010000000474974513, "Camera_Transformation": [-0.07875517345807648, 0.9967397034395862, 0.0175381367526381, -0.18189705270564274, 0.3717819844155272, 0.04568999041739508, -0.9271950069104726, -0.11859325726268136, -0.9249733935187765, -0.06650104031385007, -0.37416818801113305, 0.7136721658951869, 0.0, 0.0, 0.0, 1.0], "Intrinsics": {"fx": 912.7331848305221, "fy": 912.043533085843, "ppx": 641.9770404469256, "ppy": 362.88386799435466}}