{"cameraMatrix": [902.3850698913135, 0.0, 636.8986717777359, 0.0, 902.4399923087993, 372.8962721405813, 0.0, 0.0, 1.0], "DepthScale": 0.0010000000474974513, "Camera_Transformation": [0.9654509858354243, -0.031228394634248632, 0.25870674772408625, -0.33749816478249367, 0.11145816097878776, -0.8479081446777164, -0.5182941795355407, 0.10988690711088742, 0.23554505365350598, 0.5292226049194801, -0.815133094740734, 0.5002853514404614, 0.0, 0.0, 0.0, 1.0], "Intrinsics": {"fx": 902.3850698913135, "fy": 902.4399923087993, "ppx": 636.8986717777359, "ppy": 372.8962721405813}}