{"cameraMatrix": [902.2339466347986, 0.0, 640.4174320514304, 0.0, 901.9397433831627, 370.920454798831, 0.0, 0.0, 1.0], "DepthScale": 0.0010000000474974513, "Camera_Transformation": [0.6234823949343852, 0.05258503019371398, 0.7800669957166555, -0.4132055532579978, -0.1616712275519102, -0.9674998837087795, 0.19443865152113296, 0.13447737856850436, 0.7649392900019849, -0.2473434648884508, -0.5947176582112176, 0.6935354286291472, 0.0, 0.0, 0.0, 1.0], "Intrinsics": {"fx": 902.2339466347986, "fy": 901.9397433831627, "ppx": 640.4174320514304, "ppy": 370.920454798831}}