{"cameraMatrix": [902.2339466347986, 0.0, 640.4174320514304, 0.0, 901.9397433831627, 370.920454798831, 0.0, 0.0, 1.0], "DepthScale": 0.0010000000474974513, "Camera_Transformation": [0.9444986716051542, -0.32452776336479183, 0.051029306692769824, -0.10127076989711142, -0.31638286157845397, -0.9404007945833825, -0.1246925436679022, 0.27329437286056835, 0.0884541928657308, 0.10162714377757823, -0.9908823236954445, 0.7444031027986447, 0.0, 0.0, 0.0, 1.0], "Intrinsics": {"fx": 902.2339466347986, "fy": 901.9397433831627, "ppx": 640.4174320514304, "ppy": 370.920454798831}}