{"cameraMatrix": [906.8604061801859, 0.0, 651.2024739640107, 0.0, 907.1579224263027, 361.3293561485769, 0.0, 0.0, 1.0], "DepthScale": 0.0010000000474974513, "Camera_Transformation": [0.5920333460003786, -0.043895952181766895, 0.8047171320443302, -0.2153728943589053, 0.24935165265097303, -0.9395424205007791, -0.23469936812817754, 0.1260676535999246, 0.7663682342998203, 0.33960739900890463, -0.5452949146971593, 0.550511396899504, 0.0, 0.0, 0.0, 1.0], "Intrinsics": {"fx": 906.8604061801859, "fy": 907.1579224263027, "ppx": 651.2024739640107, "ppy": 361.3293561485769}}