{"cameraMatrix": [912.7331848305221, 0.0, 641.9770404469256, 0.0, 912.043533085843, 362.88386799435466, 0.0, 0.0, 1.0], "DepthScale": 0.0010000000474974513, "Camera_Transformation": [-0.079967857793671, 0.9966539544662953, 0.016912621517284177, -0.1813719124773364, 0.3685030672276388, 0.045323780525805324, -0.9285209983423481, -0.1170483687032375, -0.9261806687486591, -0.06801948224989884, -0.37089448482114445, 0.7146067257940057, 0.0, 0.0, 0.0, 1.0], "Intrinsics": {"fx": 912.7331848305221, "fy": 912.043533085843, "ppx": 641.9770404469256, "ppy": 362.88386799435466}}