{"cameraMatrix": [904.0120658325285, 0.0, 624.5689578985651, 0.0, 903.3693015912921, 356.43064035564464, 0.0, 0.0, 1.0], "DepthScale": 0.0010000000474974513, "Camera_Transformation": [0.8838873117149773, -0.323815123756546, -0.33747145926108096, -0.2618597978205631, -0.45662023669017004, -0.7535947000036846, -0.47285620179011073, 0.4063870872444114, -0.10119871359994502, 0.5720478946319877, -0.8139533319624822, 0.539093428576708, 0.0, 0.0, 0.0, 1.0], "Intrinsics": {"fx": 904.0120658325285, "fy": 903.3693015912921, "ppx": 624.5689578985651, "ppy": 356.43064035564464}}