{"cameraMatrix": [912.7331848305221, 0.0, 641.9770404469256, 0.0, 912.043533085843, 362.88386799435466, 0.0, 0.0, 1.0], "DepthScale": 0.0010000000474974513, "Camera_Transformation": [-0.07946567118210945, 0.9966877139278132, 0.017286064009081836, -0.18157603230333635, 0.36750477674527254, 0.045411667269765865, -0.9289122776372305, -0.11661370215684588, -0.9266204434249139, -0.06746392651728222, -0.36989616441088785, 0.714717127473813, 0.0, 0.0, 0.0, 1.0], "Intrinsics": {"fx": 912.7331848305221, "fy": 912.043533085843, "ppx": 641.9770404469256, "ppy": 362.88386799435466}}