{"cameraMatrix": [909.0792629205071, 0.0, 639.6442038566387, 0.0, 908.860049933749, 364.61659944940453, 0.0, 0.0, 1.0], "DepthScale": 0.0010000000474974513, "Camera_Transformation": [0.7095598243433581, 0.2881521301682355, -0.6430343735426057, -0.20413958356405607, -0.004008953101538454, -0.9108991624839107, -0.4126095540352158, 0.1543490615656367, -0.7046337942313389, 0.2953490573298284, -0.6451822613506427, 0.7116703043505264, 0.0, 0.0, 0.0, 1.0], "Intrinsics": {"fx": 909.0792629205071, "fy": 908.860049933749, "ppx": 639.6442038566387, "ppy": 364.61659944940453}}