{"cameraMatrix": [909.0792629205071, 0.0, 639.6442038566387, 0.0, 908.860049933749, 364.61659944940453, 0.0, 0.0, 1.0], "DepthScale": 0.0010000000474974513, "Camera_Transformation": [0.7099208916918327, 0.2880556573733816, -0.6426789756905561, -0.20427581821123525, -0.0042671678593291795, -0.9107554604150735, -0.41292406396647297, 0.154388000286073, -0.7042684990952909, 0.29588583876102714, -0.6453351467282328, 0.7113102852702138, 0.0, 0.0, 0.0, 1.0], "Intrinsics": {"fx": 909.0792629205071, "fy": 908.860049933749, "ppx": 639.6442038566387, "ppy": 364.61659944940453}}