{"cameraMatrix": [912.7331848305221, 0.0, 641.9770404469256, 0.0, 912.043533085843, 362.88386799435466, 0.0, 0.0, 1.0], "DepthScale": 0.0010000000474974513, "Camera_Transformation": [0.9906064542469748, 0.12882243312869274, -0.045865384845645917, -0.22134839810965645, 0.022289644622967696, -0.48304334518778186, -0.8753126860798827, 0.031934510128931774, -0.1349148788933879, 0.866068073186283, -0.4813772616779708, 0.3803384753473537, 0.0, 0.0, 0.0, 1.0], "Intrinsics": {"fx": 912.7331848305221, "fy": 912.043533085843, "ppx": 641.9770404469256, "ppy": 362.88386799435466}}