{"cameraMatrix": [909.0792629205071, 0.0, 639.6442038566387, 0.0, 908.860049933749, 364.61659944940453, 0.0, 0.0, 1.0], "DepthScale": 0.0010000000474974513, "Camera_Transformation": [0.7095715376013871, 0.2881496207093718, -0.6430225727850069, -0.20420601620484627, -0.004654970114548601, -0.9106264479342533, -0.41320431214579223, 0.15452992985724504, -0.7046180272170425, 0.29619126997210743, -0.6448132809682764, 0.711301303711813, 0.0, 0.0, 0.0, 1.0], "Intrinsics": {"fx": 909.0792629205071, "fy": 908.860049933749, "ppx": 639.6442038566387, "ppy": 364.61659944940453}}