{"cameraMatrix": [912.7331848305221, 0.0, 641.9770404469256, 0.0, 912.043533085843, 362.88386799435466, 0.0, 0.0, 1.0], "DepthScale": 0.0010000000474974513, "Camera_Transformation": [-0.07809850932788276, 0.9967822598799505, 0.018048524299276947, -0.18215594849477323, 0.37181367254197034, 0.04591991919873284, -0.9271709410522067, -0.11862295823590685, -0.925016332694518, -0.06569998028463042, -0.3742035500085269, 0.7135155369958438, 0.0, 0.0, 0.0, 1.0], "Intrinsics": {"fx": 912.7331848305221, "fy": 912.043533085843, "ppx": 641.9770404469256, "ppy": 362.88386799435466}}