{"cameraMatrix": [902.2339466347986, 0.0, 640.4174320514304, 0.0, 901.9397433831627, 370.920454798831, 0.0, 0.0, 1.0], "DepthScale": 0.0010000000474974513, "Camera_Transformation": [0.9445112450123301, -0.3245322619155942, 0.0507673026780619, -0.10129202295452132, -0.31645374069746185, -0.9404359256584358, -0.12424693046326964, 0.2733281825826186, 0.08806553266653958, 0.10128712014323026, -0.9909517552581708, 0.7445315577727951, 0.0, 0.0, 0.0, 1.0], "Intrinsics": {"fx": 902.2339466347986, "fy": 901.9397433831627, "ppx": 640.4174320514304, "ppy": 370.920454798831}}