{"cameraMatrix": [912.7331848305221, 0.0, 641.9770404469256, 0.0, 912.043533085843, 362.88386799435466, 0.0, 0.0, 1.0], "DepthScale": 0.0010000000474974513, "Camera_Transformation": [0.9906268051329253, 0.12860478215933954, -0.046036322158507344, -0.2213537554816594, 0.02204174363709229, -0.4831077797615251, -0.8752834024882036, 0.03202038028171524, -0.13480613669106373, 0.866064479781753, -0.4814141900388808, 0.38028306983767174, 0.0, 0.0, 0.0, 1.0], "Intrinsics": {"fx": 912.7331848305221, "fy": 912.043533085843, "ppx": 641.9770404469256, "ppy": 362.88386799435466}}