{"cameraMatrix": [902.2339466347986, 0.0, 640.4174320514304, 0.0, 901.9397433831627, 370.920454798831, 0.0, 0.0, 1.0], "DepthScale": 0.0010000000474974513, "Camera_Transformation": [0.6210036350355581, 0.05578167937747024, 0.7818202411798078, -0.41354581569330207, -0.16217870043301627, -0.9667344315317024, 0.19779435789964836, 0.13450045112596773, 0.7668458478719707, -0.24962560593197433, -0.5912989958258115, 0.6936891478126205, 0.0, 0.0, 0.0, 1.0], "Intrinsics": {"fx": 902.2339466347986, "fy": 901.9397433831627, "ppx": 640.4174320514304, "ppy": 370.920454798831}}