{"cameraMatrix": [902.3850698913135, 0.0, 636.8986717777359, 0.0, 902.4399923087993, 372.8962721405813, 0.0, 0.0, 1.0], "DepthScale": 0.0010000000474974513, "Camera_Transformation": [0.9651965385330684, -0.0314348266912102, 0.2596295315919925, -0.33738355151508337, 0.11161152137337427, -0.8482914616635049, -0.5176335232242163, 0.10988408481021408, 0.2365132349372962, 0.5285957318591289, -0.8152594936336574, 0.5000445292987112, 0.0, 0.0, 0.0, 1.0], "Intrinsics": {"fx": 902.3850698913135, "fy": 902.4399923087993, "ppx": 636.8986717777359, "ppy": 372.8962721405813}}