{"cameraMatrix": [902.2339466347986, 0.0, 640.4174320514304, 0.0, 901.9397433831627, 370.920454798831, 0.0, 0.0, 1.0], "DepthScale": 0.0010000000474974513, "Camera_Transformation": [0.6218995013275274, 0.053424290554200456, 0.7812725871469917, -0.4132058585390011, -0.1614928559460502, -0.9674757597879644, 0.19470673255203383, 0.13449087900636986, 0.7662643589042633, -0.24725796124994906, -0.593045051300116, 0.6932905329473246, 0.0, 0.0, 0.0, 1.0], "Intrinsics": {"fx": 902.2339466347986, "fy": 901.9397433831627, "ppx": 640.4174320514304, "ppy": 370.920454798831}}