{"cameraMatrix": [906.8604061801859, 0.0, 651.2024739640107, 0.0, 907.1579224263027, 361.3293561485769, 0.0, 0.0, 1.0], "DepthScale": 0.0010000000474974513, "Camera_Transformation": [0.5916280840870268, -0.04410066000543875, 0.8050039390627844, -0.21527944259499704, 0.24957304663497712, -0.9394369734639749, -0.23488607298471825, 0.12599702522411782, 0.7666090949844321, 0.3398724829637309, -0.5447909606548356, 0.5501550474581973, 0.0, 0.0, 0.0, 1.0], "Intrinsics": {"fx": 906.8604061801859, "fy": 907.1579224263027, "ppx": 651.2024739640107, "ppy": 361.3293561485769}}