{"cameraMatrix": [902.2339466347986, 0.0, 640.4174320514304, 0.0, 901.9397433831627, 370.920454798831, 0.0, 0.0, 1.0], "DepthScale": 0.0010000000474974513, "Camera_Transformation": [0.8197851667664775, 0.19551710000920486, -0.538261408568039, -0.06856098972451619, 0.3790072425036448, -0.8898497210816179, 0.254009810874994, 0.0017058097037148062, -0.42930850268710274, -0.41223844737597853, -0.8035879989307956, 0.9559293672449318, 0.0, 0.0, 0.0, 1.0], "Intrinsics": {"fx": 902.2339466347986, "fy": 901.9397433831627, "ppx": 640.4174320514304, "ppy": 370.920454798831}}