{"cameraMatrix": [902.2339466347986, 0.0, 640.4174320514304, 0.0, 901.9397433831627, 370.920454798831, 0.0, 0.0, 1.0], "DepthScale": 0.0010000000474974513, "Camera_Transformation": [0.944449177184809, -0.3246432915819423, 0.05121020353190825, -0.10120916845766285, -0.31650193877785127, -0.9403940822701001, -0.12444071994824431, 0.273357719873448, 0.0885566172840786, 0.10131980686034724, -0.9909046484263676, 0.744466297386823, 0.0, 0.0, 0.0, 1.0], "Intrinsics": {"fx": 902.2339466347986, "fy": 901.9397433831627, "ppx": 640.4174320514304, "ppy": 370.920454798831}}