{"cameraMatrix": [902.2339466347986, 0.0, 640.4174320514304, 0.0, 901.9397433831627, 370.920454798831, 0.0, 0.0, 1.0], "DepthScale": 0.0010000000474974513, "Camera_Transformation": [0.8202187986881241, 0.19585833220722132, -0.5374761724798751, -0.06876513631806634, 0.3788713539767847, -0.8899446969413654, 0.2538797619380863, 0.0017434501993685756, -0.4285996026764474, -0.41187127854579414, -0.8041544817350981, 0.9556649270602443, 0.0, 0.0, 0.0, 1.0], "Intrinsics": {"fx": 902.2339466347986, "fy": 901.9397433831627, "ppx": 640.4174320514304, "ppy": 370.920454798831}}