{"cameraMatrix": [902.2339466347986, 0.0, 640.4174320514304, 0.0, 901.9397433831627, 370.920454798831, 0.0, 0.0, 1.0], "DepthScale": 0.0010000000474974513, "Camera_Transformation": [0.622975733161684, 0.054517786028703226, 0.7803390589341217, -0.41349628678878697, -0.16152810836504666, -0.9671031322398468, 0.19652023259676657, 0.13446584298746334, 0.7653821960953049, -0.2484740280560647, -0.593675628000613, 0.6936258579882328, 0.0, 0.0, 0.0, 1.0], "Intrinsics": {"fx": 902.2339466347986, "fy": 901.9397433831627, "ppx": 640.4174320514304, "ppy": 370.920454798831}}