{"cameraMatrix": [909.0792629205071, 0.0, 639.6442038566387, 0.0, 908.860049933749, 364.61659944940453, 0.0, 0.0, 1.0], "DepthScale": 0.0010000000474974513, "Camera_Transformation": [0.7095105750298601, 0.2881024368267829, -0.6431109778376247, -0.20413249214340107, -0.004292284105080757, -0.9108254960050566, -0.41276929648933913, 0.1544517029029816, -0.7046817155411069, 0.2956245959347974, -0.6450037039121792, 0.7116477725022979, 0.0, 0.0, 0.0, 1.0], "Intrinsics": {"fx": 909.0792629205071, "fy": 908.860049933749, "ppx": 639.6442038566387, "ppy": 364.61659944940453}}