{"cameraMatrix": [904.0120658325285, 0.0, 624.5689578985651, 0.0, 903.3693015912921, 356.43064035564464, 0.0, 0.0, 1.0], "DepthScale": 0.0010000000474974513, "Camera_Transformation": [0.8840096300469698, -0.3238219393658889, -0.3371443690313319, -0.2618773817389273, -0.4564425056798621, -0.7536395760185426, -0.472956264856784, 0.4063314765132238, -0.10093172441264124, 0.5719849133009594, -0.8140307401831853, 0.5390585456086167, 0.0, 0.0, 0.0, 1.0], "Intrinsics": {"fx": 904.0120658325285, "fy": 903.3693015912921, "ppx": 624.5689578985651, "ppy": 356.43064035564464}}