{"cameraMatrix": [909.0792629205071, 0.0, 639.6442038566387, 0.0, 908.860049933749, 364.61659944940453, 0.0, 0.0, 1.0], "DepthScale": 0.0010000000474974513, "Camera_Transformation": [-0.1183177057814705, -0.9924247910274384, 0.033074985302404714, 0.15420163013499438, -0.3277108607326016, 0.007583933255944975, -0.9447476254081121, 0.07251175510196527, 0.9373401262383396, -0.12261940348294897, -0.32612569606361763, 0.4133422224515737, 0.0, 0.0, 0.0, 1.0], "Intrinsics": {"fx": 909.0792629205071, "fy": 908.860049933749, "ppx": 639.6442038566387, "ppy": 364.61659944940453}}