{"cameraMatrix": [902.3850698913135, 0.0, 636.8986717777359, 0.0, 902.4399923087993, 372.8962721405813, 0.0, 0.0, 1.0], "DepthScale": 0.0010000000474974513, "Camera_Transformation": [0.9652267135116588, -0.03133030051913863, 0.25952996704207865, -0.3374083575234034, 0.11161386015092928, -0.8483601586352734, -0.517520422266158, 0.10991216168337871, 0.23638895436481536, 0.5284916778055395, -0.8153629920131248, 0.5001040142975959, 0.0, 0.0, 0.0, 1.0], "Intrinsics": {"fx": 902.3850698913135, "fy": 902.4399923087993, "ppx": 636.8986717777359, "ppy": 372.8962721405813}}