{"cameraMatrix": [902.2339466347986, 0.0, 640.4174320514304, 0.0, 901.9397433831627, 370.920454798831, 0.0, 0.0, 1.0], "DepthScale": 0.0010000000474974513, "Camera_Transformation": [0.9445225816032474, -0.32448749279120703, 0.05084250056412942, -0.10128268066316774, -0.31637844455309994, -0.9404269729985628, -0.1245061776737263, 0.27329812784546914, 0.08821435633556596, 0.10151342511627119, -0.9909153605921471, 0.7444673078962565, 0.0, 0.0, 0.0, 1.0], "Intrinsics": {"fx": 902.2339466347986, "fy": 901.9397433831627, "ppx": 640.4174320514304, "ppy": 370.920454798831}}