{"cameraMatrix": [909.0792629205071, 0.0, 639.6442038566387, 0.0, 908.860049933749, 364.61659944940453, 0.0, 0.0, 1.0], "DepthScale": 0.0010000000474974513, "Camera_Transformation": [0.7095178058585471, 0.28812646095272826, -0.6430922372945648, -0.20420018263538978, -0.004848023377465094, -0.9105746774744012, -0.41331616640499547, 0.15459826355512699, -0.7046708308416095, 0.2963729057138089, -0.6446721034136264, 0.711294229113779, 0.0, 0.0, 0.0, 1.0], "Intrinsics": {"fx": 909.0792629205071, "fy": 908.860049933749, "ppx": 639.6442038566387, "ppy": 364.61659944940453}}