{"cameraMatrix": [904.0120658325285, 0.0, 624.5689578985651, 0.0, 903.3693015912921, 356.43064035564464, 0.0, 0.0, 1.0], "DepthScale": 0.0010000000474974513, "Camera_Transformation": [0.8841248274355565, -0.32446335089780126, -0.33622436472721273, -0.2617480736362394, -0.4563612030291158, -0.7540832159501487, -0.47232717028782034, 0.40646180967756673, -0.10028829384262976, 0.5710359334984548, -0.8147761783285534, 0.5394154256012113, 0.0, 0.0, 0.0, 1.0], "Intrinsics": {"fx": 904.0120658325285, "fy": 903.3693015912921, "ppx": 624.5689578985651, "ppy": 356.43064035564464}}