{"cameraMatrix": [906.8604061801859, 0.0, 651.2024739640107, 0.0, 907.1579224263027, 361.3293561485769, 0.0, 0.0, 1.0], "DepthScale": 0.0010000000474974513, "Camera_Transformation": [0.5932697476824595, -0.04448088456298099, 0.8037738844931993, -0.2152237295059243, 0.2504510569625406, -0.9387205117096548, -0.2368080846633202, 0.12584114512914615, 0.7650524652278027, 0.34179709156758303, -0.5457741965729082, 0.5496055240723963, 0.0, 0.0, 0.0, 1.0], "Intrinsics": {"fx": 906.8604061801859, "fy": 907.1579224263027, "ppx": 651.2024739640107, "ppy": 361.3293561485769}}