{"cameraMatrix": [912.7331848305221, 0.0, 641.9770404469256, 0.0, 912.043533085843, 362.88386799435466, 0.0, 0.0, 1.0], "DepthScale": 0.0010000000474974513, "Camera_Transformation": [0.9906143323760671, 0.12872264761398597, -0.0459752594594579, -0.2213642210821775, 0.022047135608961772, -0.4824241603050976, -0.8756602385431015, 0.032002193722888615, -0.13489688025510052, 0.8664279598126822, -0.4807342531506092, 0.38027299511990237, 0.0, 0.0, 0.0, 1.0], "Intrinsics": {"fx": 912.7331848305221, "fy": 912.043533085843, "ppx": 641.9770404469256, "ppy": 362.88386799435466}}