{"cameraMatrix": [909.0792629205071, 0.0, 639.6442038566387, 0.0, 908.860049933749, 364.61659944940453, 0.0, 0.0, 1.0], "DepthScale": 0.0010000000474974513, "Camera_Transformation": [-0.12061918320536291, -0.9921129978772232, 0.03410003058562988, 0.1542519821333328, -0.32602867778273065, 0.007145791841607019, -0.9453328720203278, 0.07258962017004555, 0.9376333579316152, -0.12514286676445563, -0.32431920848426177, 0.4140263723971953, 0.0, 0.0, 0.0, 1.0], "Intrinsics": {"fx": 909.0792629205071, "fy": 908.860049933749, "ppx": 639.6442038566387, "ppy": 364.61659944940453}}