{"cameraMatrix": [909.0792629205071, 0.0, 639.6442038566387, 0.0, 908.860049933749, 364.61659944940453, 0.0, 0.0, 1.0], "DepthScale": 0.0010000000474974513, "Camera_Transformation": [-0.12100844389067134, -0.9920522054762455, 0.03448736169780331, 0.1542682706544027, -0.32784242453338913, 0.007148117372131946, -0.9447053768737124, 0.07262048718785612, 0.9369505329435631, -0.1256237478654058, -0.3261017828669781, 0.41415291049707503, 0.0, 0.0, 0.0, 1.0], "Intrinsics": {"fx": 909.0792629205071, "fy": 908.860049933749, "ppx": 639.6442038566387, "ppy": 364.61659944940453}}