{"cameraMatrix": [906.8604061801859, 0.0, 651.2024739640107, 0.0, 907.1579224263027, 361.3293561485769, 0.0, 0.0, 1.0], "DepthScale": 0.0010000000474974513, "Camera_Transformation": [0.5924050907129776, -0.0438915467842743, 0.8044437460868429, -0.21537325739427512, 0.25005850507965344, -0.939181696760452, -0.23539006883784908, 0.12597614915086433, 0.7658504766171254, 0.3406042756499722, -0.5454005636908343, 0.5502939417580849, 0.0, 0.0, 0.0, 1.0], "Intrinsics": {"fx": 906.8604061801859, "fy": 907.1579224263027, "ppx": 651.2024739640107, "ppy": 361.3293561485769}}