{"cameraMatrix": [909.0792629205071, 0.0, 639.6442038566387, 0.0, 908.860049933749, 364.61659944940453, 0.0, 0.0, 1.0], "DepthScale": 0.0010000000474974513, "Camera_Transformation": [-0.11994322374522781, -0.9922058855408808, 0.03378022758417615, 0.15425346687252764, -0.3264209948512131, 0.007279774445974718, -0.9451964552432263, 0.07256987634605322, 0.9375835734471603, -0.12439648540876169, -0.32474999187067144, 0.4140565395140559, 0.0, 0.0, 0.0, 1.0], "Intrinsics": {"fx": 909.0792629205071, "fy": 908.860049933749, "ppx": 639.6442038566387, "ppy": 364.61659944940453}}