{"cameraMatrix": [906.8604061801859, 0.0, 651.2024739640107, 0.0, 907.1579224263027, 361.3293561485769, 0.0, 0.0, 1.0], "DepthScale": 0.0010000000474974513, "Camera_Transformation": [0.5930562489311353, -0.044049641215778854, 0.8039551695912487, -0.21527216585167375, 0.2507617505561064, -0.9387367166601042, -0.23641472300227898, 0.12586280532673347, 0.7651162199703841, 0.3418084345111577, -0.5456777107737336, 0.5498210219134194, 0.0, 0.0, 0.0, 1.0], "Intrinsics": {"fx": 906.8604061801859, "fy": 907.1579224263027, "ppx": 651.2024739640107, "ppy": 361.3293561485769}}