{"cameraMatrix": [902.2339466347986, 0.0, 640.4174320514304, 0.0, 901.9397433831627, 370.920454798831, 0.0, 0.0, 1.0], "DepthScale": 0.0010000000474974513, "Camera_Transformation": [0.8200063673530452, 0.1953772099466275, -0.5379751883999241, -0.06858352107030048, 0.37886188829050077, -0.8898229183092726, 0.2543203563471192, 0.0017559649268476516, -0.429014250464269, -0.41236260728276636, -0.8036814375195812, 0.9558781712993808, 0.0, 0.0, 0.0, 1.0], "Intrinsics": {"fx": 902.2339466347986, "fy": 901.9397433831627, "ppx": 640.4174320514304, "ppy": 370.920454798831}}