{"cameraMatrix": [909.0792629205071, 0.0, 639.6442038566387, 0.0, 908.860049933749, 364.61659944940453, 0.0, 0.0, 1.0], "DepthScale": 0.0010000000474974513, "Camera_Transformation": [0.7095277000978162, 0.28825110253976394, -0.6430254619208435, -0.20419257042541109, -0.004603499419158219, -0.910594707943254, -0.4132748306621608, 0.15451133134532527, -0.7046625082881885, 0.2961901074484939, -0.644765205065106, 0.7112789257903118, 0.0, 0.0, 0.0, 1.0], "Intrinsics": {"fx": 909.0792629205071, "fy": 908.860049933749, "ppx": 639.6442038566387, "ppy": 364.61659944940453}}