{"cameraMatrix": [906.8604061801859, 0.0, 651.2024739640107, 0.0, 907.1579224263027, 361.3293561485769, 0.0, 0.0, 1.0], "DepthScale": 0.0010000000474974513, "Camera_Transformation": [0.5923566473437378, -0.04432994754400535, 0.8044553798057621, -0.21519128908326446, 0.2502762117902847, -0.938962656730856, -0.23603166541131132, 0.12590539338763154, 0.7658168319902559, 0.34115097100210395, -0.5451060399818829, 0.549769776345795, 0.0, 0.0, 0.0, 1.0], "Intrinsics": {"fx": 906.8604061801859, "fy": 907.1579224263027, "ppx": 651.2024739640107, "ppy": 361.3293561485769}}