{"cameraMatrix": [902.3850698913135, 0.0, 636.8986717777359, 0.0, 902.4399923087993, 372.8962721405813, 0.0, 0.0, 1.0], "DepthScale": 0.0010000000474974513, "Camera_Transformation": [0.9651868114281661, -0.031531121473350805, 0.2596540148423694, -0.33737196204151226, 0.11150792916857319, -0.8483742775268411, -0.5175201126172265, 0.10991002089519744, 0.23660177678467476, 0.5284570688423452, -0.8153236937639503, 0.50005305075792, 0.0, 0.0, 0.0, 1.0], "Intrinsics": {"fx": 902.3850698913135, "fy": 902.4399923087993, "ppx": 636.8986717777359, "ppy": 372.8962721405813}}