{"cameraMatrix": [909.0792629205071, 0.0, 639.6442038566387, 0.0, 908.860049933749, 364.61659944940453, 0.0, 0.0, 1.0], "DepthScale": 0.0010000000474974513, "Camera_Transformation": [-0.12203516390881075, -0.9918953806033826, 0.0353690925444875, 0.15430496734805638, -0.3285133932695501, 0.006739574380758562, -0.9444752662614792, 0.07269091523161454, 0.9365822810689275, -0.12687841453469162, -0.32667338231464055, 0.4142413986466964, 0.0, 0.0, 0.0, 1.0], "Intrinsics": {"fx": 909.0792629205071, "fy": 908.860049933749, "ppx": 639.6442038566387, "ppy": 364.61659944940453}}