{"cameraMatrix": [912.7331848305221, 0.0, 641.9770404469256, 0.0, 912.043533085843, 362.88386799435466, 0.0, 0.0, 1.0], "DepthScale": 0.0010000000474974513, "Camera_Transformation": [-0.0801589089117225, 0.996642584751769, 0.016676557840135497, -0.1813058650746268, 0.3704604989671559, 0.04531940815085911, -0.9277419737997532, -0.11790269541566357, -0.9253829304818024, -0.0681887784328849, -0.3728494635489541, 0.7142596973506665, 0.0, 0.0, 0.0, 1.0], "Intrinsics": {"fx": 912.7331848305221, "fy": 912.043533085843, "ppx": 641.9770404469256, "ppy": 362.88386799435466}}