{"cameraMatrix": [902.2339466347986, 0.0, 640.4174320514304, 0.0, 901.9397433831627, 370.920454798831, 0.0, 0.0, 1.0], "DepthScale": 0.0010000000474974513, "Camera_Transformation": [0.9348482824152266, -0.35113291617735054, 0.05257721980184005, -0.09034105349635863, -0.34261400014813714, -0.9310103211919463, -0.1258388999338491, 0.2823569528642457, 0.09313611419741288, 0.09962658787120413, -0.9906564526723417, 0.7433159762309716, 0.0, 0.0, 0.0, 1.0], "Intrinsics": {"fx": 902.2339466347986, "fy": 901.9397433831627, "ppx": 640.4174320514304, "ppy": 370.920454798831}}