{"cameraMatrix": [904.0120658325285, 0.0, 624.5689578985651, 0.0, 903.3693015912921, 356.43064035564464, 0.0, 0.0, 1.0], "DepthScale": 0.0010000000474974513, "Camera_Transformation": [0.883800336068055, -0.3232778970839483, -0.33821349355543523, -0.2619025930766467, -0.4566593941067646, -0.7533084731020762, -0.473274277905171, 0.40632820920021795, -0.10177997710765592, 0.5727283349107135, -0.8134021703009935, 0.5388791424185255, 0.0, 0.0, 0.0, 1.0], "Intrinsics": {"fx": 904.0120658325285, "fy": 903.3693015912921, "ppx": 624.5689578985651, "ppy": 356.43064035564464}}