{"cameraMatrix": [912.7331848305221, 0.0, 641.9770404469256, 0.0, 912.043533085843, 362.88386799435466, 0.0, 0.0, 1.0], "DepthScale": 0.0010000000474974513, "Camera_Transformation": [-0.08032391044513165, 0.9966331674835647, 0.016443809852940527, -0.18122427732086538, 0.3699996968327321, 0.04513055705947222, -0.9279350500779613, -0.11766900519589327, -0.9255529664770619, -0.06845116720099798, -0.372379032645948, 0.7144220105777468, 0.0, 0.0, 0.0, 1.0], "Intrinsics": {"fx": 912.7331848305221, "fy": 912.043533085843, "ppx": 641.9770404469256, "ppy": 362.88386799435466}}