{"cameraMatrix": [909.0792629205071, 0.0, 639.6442038566387, 0.0, 908.860049933749, 364.61659944940453, 0.0, 0.0, 1.0], "DepthScale": 0.0010000000474974513, "Camera_Transformation": [-0.12095541378046493, -0.9920491966498972, 0.034758873737369744, 0.1542612358580579, -0.32896961539308545, 0.007023191317957922, -0.9443143898786236, 0.0726677784541894, 0.9365622136437718, -0.1256545510914956, -0.3272035356848588, 0.41414630840386263, 0.0, 0.0, 0.0, 1.0], "Intrinsics": {"fx": 909.0792629205071, "fy": 908.860049933749, "ppx": 639.6442038566387, "ppy": 364.61659944940453}}