{"cameraMatrix": [902.2339466347986, 0.0, 640.4174320514304, 0.0, 901.9397433831627, 370.920454798831, 0.0, 0.0, 1.0], "DepthScale": 0.0010000000474974513, "Camera_Transformation": [0.6212231218218466, 0.05481380087304347, 0.7817143213142312, -0.41335816410315535, -0.16191920255601588, -0.9670448322397888, 0.19648527751957073, 0.13451797156152817, 0.7667228995912034, -0.24863575702655716, -0.5918752026992582, 0.6935861414004303, 0.0, 0.0, 0.0, 1.0], "Intrinsics": {"fx": 902.2339466347986, "fy": 901.9397433831627, "ppx": 640.4174320514304, "ppy": 370.920454798831}}