{"cameraMatrix": [902.3850698913135, 0.0, 636.8986717777359, 0.0, 902.4399923087993, 372.8962721405813, 0.0, 0.0, 1.0], "DepthScale": 0.0010000000474974513, "Camera_Transformation": [0.9651604714358106, -0.03148979631537808, 0.2597569192645693, -0.33736478559687816, 0.11160142188893624, -0.8483650519836011, -0.5175150830702709, 0.10989222746151898, 0.23666513687100518, 0.5284743430866609, -0.8152941074783693, 0.5000210250785708, 0.0, 0.0, 0.0, 1.0], "Intrinsics": {"fx": 902.3850698913135, "fy": 902.4399923087993, "ppx": 636.8986717777359, "ppy": 372.8962721405813}}