{"cameraMatrix": [912.7331848305221, 0.0, 641.9770404469256, 0.0, 912.043533085843, 362.88386799435466, 0.0, 0.0, 1.0], "DepthScale": 0.0010000000474974513, "Camera_Transformation": [-0.08036715843907094, 0.9966279336781498, 0.0165493702856227, -0.18120921375870117, 0.36881669708383, 0.04515753509539566, -0.9284045675115361, -0.11713310050053519, -0.9260212545058584, -0.068509552885196, -0.3712022054983872, 0.7146457865709207, 0.0, 0.0, 0.0, 1.0], "Intrinsics": {"fx": 912.7331848305221, "fy": 912.043533085843, "ppx": 641.9770404469256, "ppy": 362.88386799435466}}