{"cameraMatrix": [912.7331848305221, 0.0, 641.9770404469256, 0.0, 912.043533085843, 362.88386799435466, 0.0, 0.0, 1.0], "DepthScale": 0.0010000000474974513, "Camera_Transformation": [-0.08071902672324416, 0.9966035364536752, 0.01630428940127243, -0.18105802796577058, 0.3704976221236142, 0.045185717350237686, -0.9277336702676541, -0.11791015545379059, -0.9253193776883741, -0.06884505846880151, -0.37288658758237403, 0.7143832282554379, 0.0, 0.0, 0.0, 1.0], "Intrinsics": {"fx": 912.7331848305221, "fy": 912.043533085843, "ppx": 641.9770404469256, "ppy": 362.88386799435466}}