{"cameraMatrix": [909.0792629205071, 0.0, 639.6442038566387, 0.0, 908.860049933749, 364.61659944940453, 0.0, 0.0, 1.0], "DepthScale": 0.0010000000474974513, "Camera_Transformation": [-0.1203305775080058, -0.9921309206596114, 0.03459462946328695, 0.15424404566704528, -0.32907686114127804, 0.006986059386164367, -0.9442772974267979, 0.07266591271619012, 0.9366050243181456, -0.12500972460318965, -0.3273279657723134, 0.41410644015858517, 0.0, 0.0, 0.0, 1.0], "Intrinsics": {"fx": 909.0792629205071, "fy": 908.860049933749, "ppx": 639.6442038566387, "ppy": 364.61659944940453}}