{"cameraMatrix": [909.0792629205071, 0.0, 639.6442038566387, 0.0, 908.860049933749, 364.61659944940453, 0.0, 0.0, 1.0], "DepthScale": 0.0010000000474974513, "Camera_Transformation": [-0.1207275135006528, -0.9920576207449561, 0.03530643858854082, 0.1542667450341371, -0.3305314211930834, 0.006635723884452327, -0.943771660293214, 0.0727862298361153, 0.936041584059186, -0.12560909318351904, -0.32870732973510625, 0.4142431070603386, 0.0, 0.0, 0.0, 1.0], "Intrinsics": {"fx": 909.0792629205071, "fy": 908.860049933749, "ppx": 639.6442038566387, "ppy": 364.61659944940453}}