{"cameraMatrix": [909.0792629205071, 0.0, 639.6442038566387, 0.0, 908.860049933749, 364.61659944940453, 0.0, 0.0, 1.0], "DepthScale": 0.0010000000474974513, "Camera_Transformation": [-0.12155150691176886, -0.9919980895284275, 0.03413241186069821, 0.15428865487372326, -0.3253899883637487, 0.007336397300999775, -0.9455514437339101, 0.07249806895920761, 0.9377348168006336, -0.1260395479466349, -0.32367799695575555, 0.41418642561973024, 0.0, 0.0, 0.0, 1.0], "Intrinsics": {"fx": 909.0792629205071, "fy": 908.860049933749, "ppx": 639.6442038566387, "ppy": 364.61659944940453}}