{"cameraMatrix": [902.2339466347986, 0.0, 640.4174320514304, 0.0, 901.9397433831627, 370.920454798831, 0.0, 0.0, 1.0], "DepthScale": 0.0010000000474974513, "Camera_Transformation": [0.944458373058276, -0.3246265563381513, 0.051146656588159506, -0.10120531132502163, -0.3164935410442652, -0.9403995684246153, -0.12442061800223964, 0.27334508422320464, 0.08848853054139885, 0.1013225079971389, -0.9909104547514843, 0.7444601761678019, 0.0, 0.0, 0.0, 1.0], "Intrinsics": {"fx": 902.2339466347986, "fy": 901.9397433831627, "ppx": 640.4174320514304, "ppy": 370.920454798831}}