{"cameraMatrix": [902.2339466347986, 0.0, 640.4174320514304, 0.0, 901.9397433831627, 370.920454798831, 0.0, 0.0, 1.0], "DepthScale": 0.0010000000474974513, "Camera_Transformation": [0.8200078436244713, 0.19520289143316855, -0.538036213995373, -0.06865442837111514, 0.37883131544089294, -0.8897691997333524, 0.25455373823063804, 0.0017476011661398203, -0.4290384258264834, -0.41256102867575867, -0.8035666909363111, 0.9557845596029548, 0.0, 0.0, 0.0, 1.0], "Intrinsics": {"fx": 902.2339466347986, "fy": 901.9397433831627, "ppx": 640.4174320514304, "ppy": 370.920454798831}}