{"cameraMatrix": [902.3850698913135, 0.0, 636.8986717777359, 0.0, 902.4399923087993, 372.8962721405813, 0.0, 0.0, 1.0], "DepthScale": 0.0010000000474974513, "Camera_Transformation": [0.9653300463304901, -0.03136389443724704, 0.25914128921749263, -0.33745330275645574, 0.11144138362221073, -0.8482174999682704, -0.5177913583326245, 0.10991039926984572, 0.23604812998187935, 0.5287186197528003, -0.8153146027508348, 0.5002415156366378, 0.0, 0.0, 0.0, 1.0], "Intrinsics": {"fx": 902.3850698913135, "fy": 902.4399923087993, "ppx": 636.8986717777359, "ppy": 372.8962721405813}}