{"cameraMatrix": [906.8604061801859, 0.0, 651.2024739640107, 0.0, 907.1579224263027, 361.3293561485769, 0.0, 0.0, 1.0], "DepthScale": 0.0010000000474974513, "Camera_Transformation": [0.5919937244495906, -0.043609926016270575, 0.804761830956935, -0.21543829003934398, 0.25016181046101765, -0.9392715262030068, -0.23492140952058882, 0.12601717157183073, 0.7661347784816773, 0.340392676797151, -0.5451333110200675, 0.5505109421053881, 0.0, 0.0, 0.0, 1.0], "Intrinsics": {"fx": 906.8604061801859, "fy": 907.1579224263027, "ppx": 651.2024739640107, "ppy": 361.3293561485769}}