{"cameraMatrix": [909.0792629205071, 0.0, 639.6442038566387, 0.0, 908.860049933749, 364.61659944940453, 0.0, 0.0, 1.0], "DepthScale": 0.0010000000474974513, "Camera_Transformation": [-0.12142366498249335, -0.9920121655182179, 0.0341783125106459, 0.15427590021650864, -0.3259361090253446, 0.007323932557336432, -0.9453634289760285, 0.07255096146696322, 0.9375617027244865, -0.1259294384794588, -0.3242218840680102, 0.4141098327633841, 0.0, 0.0, 0.0, 1.0], "Intrinsics": {"fx": 909.0792629205071, "fy": 908.860049933749, "ppx": 639.6442038566387, "ppy": 364.61659944940453}}