{"cameraMatrix": [902.2339466347986, 0.0, 640.4174320514304, 0.0, 901.9397433831627, 370.920454798831, 0.0, 0.0, 1.0], "DepthScale": 0.0010000000474974513, "Camera_Transformation": [0.820108838481946, 0.1956648891601711, -0.53771437045492, -0.06872516849393329, 0.3790243812618722, -0.8897561051040169, 0.254311997041399, 0.0016407218561469558, -0.428674715201221, -0.41237037306293906, -0.8038586094376825, 0.9557641000097435, 0.0, 0.0, 0.0, 1.0], "Intrinsics": {"fx": 902.2339466347986, "fy": 901.9397433831627, "ppx": 640.4174320514304, "ppy": 370.920454798831}}