{"cameraMatrix": [902.2339466347986, 0.0, 640.4174320514304, 0.0, 901.9397433831627, 370.920454798831, 0.0, 0.0, 1.0], "DepthScale": 0.0010000000474974513, "Camera_Transformation": [0.819972642177395, 0.19574608039082586, -0.5378924967800267, -0.06868782223976327, 0.379061076819462, -0.8898210835795806, 0.25402979994034386, 0.001665221079599221, -0.4289027466933415, -0.4121915952914245, -0.8038286649840363, 0.9558071330600635, 0.0, 0.0, 0.0, 1.0], "Intrinsics": {"fx": 902.2339466347986, "fy": 901.9397433831627, "ppx": 640.4174320514304, "ppy": 370.920454798831}}