{"cameraMatrix": [902.2339466347986, 0.0, 640.4174320514304, 0.0, 901.9397433831627, 370.920454798831, 0.0, 0.0, 1.0], "DepthScale": 0.0010000000474974513, "Camera_Transformation": [0.6210972579290239, 0.05425653048241345, 0.7818531991960245, -0.4131840210288874, -0.16196522400498606, -0.9671799595358387, 0.19578097988637216, 0.134547420093152, 0.7668151422644587, -0.24823205830888223, -0.5919251496782965, 0.6934144754374059, 0.0, 0.0, 0.0, 1.0], "Intrinsics": {"fx": 902.2339466347986, "fy": 901.9397433831627, "ppx": 640.4174320514304, "ppy": 370.920454798831}}