{"cameraMatrix": [902.3850698913135, 0.0, 636.8986717777359, 0.0, 902.4399923087993, 372.8962721405813, 0.0, 0.0, 1.0], "DepthScale": 0.0010000000474974513, "Camera_Transformation": [0.9652603285553639, -0.031342833032114575, 0.2594034019335766, -0.33742582898640777, 0.11154367338053456, -0.8483421755177214, -0.5175650318236698, 0.10992904458326393, 0.23628480070873858, 0.5285198010059611, -0.8153749523370528, 0.5001505805702661, 0.0, 0.0, 0.0, 1.0], "Intrinsics": {"fx": 902.3850698913135, "fy": 902.4399923087993, "ppx": 636.8986717777359, "ppy": 372.8962721405813}}