{"cameraMatrix": [912.7331848305221, 0.0, 641.9770404469256, 0.0, 912.043533085843, 362.88386799435466, 0.0, 0.0, 1.0], "DepthScale": 0.0010000000474974513, "Camera_Transformation": [0.990647634068428, 0.12845325891000808, -0.04601114419382935, -0.22137408698752115, 0.021950280291630077, -0.48285505713975174, -0.8754251418537659, 0.03209667008578645, -0.13466792606164915, 0.8662278880698576, -0.48115880499091845, 0.3801658534633751, 0.0, 0.0, 0.0, 1.0], "Intrinsics": {"fx": 912.7331848305221, "fy": 912.043533085843, "ppx": 641.9770404469256, "ppy": 362.88386799435466}}