{"cameraMatrix": [902.2339466347986, 0.0, 640.4174320514304, 0.0, 901.9397433831627, 370.920454798831, 0.0, 0.0, 1.0], "DepthScale": 0.0010000000474974513, "Camera_Transformation": [0.6226244401835986, 0.053708157192424444, 0.7806755025854558, -0.4132604938144314, -0.16174455128882956, -0.9672648999668497, 0.19554363559189403, 0.13448302747696345, 0.7656223002332386, -0.24802025550973472, -0.5935557650654657, 0.6933418060681262, 0.0, 0.0, 0.0, 1.0], "Intrinsics": {"fx": 902.2339466347986, "fy": 901.9397433831627, "ppx": 640.4174320514304, "ppy": 370.920454798831}}