{"cameraMatrix": [909.0792629205071, 0.0, 639.6442038566387, 0.0, 908.860049933749, 364.61659944940453, 0.0, 0.0, 1.0], "DepthScale": 0.0010000000474974513, "Camera_Transformation": [0.7097500326124486, 0.2880513793284503, -0.6428695778099982, -0.20423298680971647, -0.00428505246407207, -0.9107967909326415, -0.4128327069796943, 0.15442522649474252, -0.7044405791349675, 0.29576275711079514, -0.6452037367949852, 0.7114018725900385, 0.0, 0.0, 0.0, 1.0], "Intrinsics": {"fx": 909.0792629205071, "fy": 908.860049933749, "ppx": 639.6442038566387, "ppy": 364.61659944940453}}