{"cameraMatrix": [909.0792629205071, 0.0, 639.6442038566387, 0.0, 908.860049933749, 364.61659944940453, 0.0, 0.0, 1.0], "DepthScale": 0.0010000000474974513, "Camera_Transformation": [0.7097744761102145, 0.287856925218438, -0.6429296879645989, -0.20422364221665645, -0.004468631597770389, -0.910837967671745, -0.41273990354610585, 0.15451298238820654, -0.7044148098912411, 0.29582526472800114, -0.6452032147738374, 0.7112898649788698, 0.0, 0.0, 0.0, 1.0], "Intrinsics": {"fx": 909.0792629205071, "fy": 908.860049933749, "ppx": 639.6442038566387, "ppy": 364.61659944940453}}