{"cameraMatrix": [909.0792629205071, 0.0, 639.6442038566387, 0.0, 908.860049933749, 364.61659944940453, 0.0, 0.0, 1.0], "DepthScale": 0.0010000000474974513, "Camera_Transformation": [0.7096915981658223, 0.28802306285335894, -0.6429467713251311, -0.20420270325060133, -0.004409389605529335, -0.9107785223641035, -0.4128716997852563, 0.15447744814819941, -0.7044986818838961, 0.29584657926842794, -0.6451018592121887, 0.7113943205494044, 0.0, 0.0, 0.0, 1.0], "Intrinsics": {"fx": 909.0792629205071, "fy": 908.860049933749, "ppx": 639.6442038566387, "ppy": 364.61659944940453}}