{"cameraMatrix": [912.7331848305221, 0.0, 641.9770404469256, 0.0, 912.043533085843, 362.88386799435466, 0.0, 0.0, 1.0], "DepthScale": 0.0010000000474974513, "Camera_Transformation": [0.9905930551941011, 0.12884244626338037, -0.04609797221227372, -0.2213925733803721, 0.0220451130100009, -0.48273009699988234, -0.8754916712584193, 0.03206740882807641, -0.13505336720567876, 0.8662397344219162, -0.48102942790961967, 0.3802132198168955, 0.0, 0.0, 0.0, 1.0], "Intrinsics": {"fx": 912.7331848305221, "fy": 912.043533085843, "ppx": 641.9770404469256, "ppy": 362.88386799435466}}