{"cameraMatrix": [902.2339466347986, 0.0, 640.4174320514304, 0.0, 901.9397433831627, 370.920454798831, 0.0, 0.0, 1.0], "DepthScale": 0.0010000000474974513, "Camera_Transformation": [0.9444760467419516, -0.32460848853318436, 0.050934529573729966, -0.10122170617346753, -0.31653175109378984, -0.9404380387529463, -0.12403203544250531, 0.2733715422180129, 0.08816262065180855, 0.10102289066698382, -0.9909700943424539, 0.7446087697509268, 0.0, 0.0, 0.0, 1.0], "Intrinsics": {"fx": 902.2339466347986, "fy": 901.9397433831627, "ppx": 640.4174320514304, "ppy": 370.920454798831}}