{"cameraMatrix": [912.7331848305221, 0.0, 641.9770404469256, 0.0, 912.043533085843, 362.88386799435466, 0.0, 0.0, 1.0], "DepthScale": 0.0010000000474974513, "Camera_Transformation": [0.9905923551131204, 0.12882932163716082, -0.046149668232300545, -0.22135932353207813, 0.02211574624619371, -0.48351729206009586, -0.8750553822740857, 0.03202857300578268, -0.13504695390647067, 0.8658025376293265, -0.48181768966612537, 0.38038576222064985, 0.0, 0.0, 0.0, 1.0], "Intrinsics": {"fx": 912.7331848305221, "fy": 912.043533085843, "ppx": 641.9770404469256, "ppy": 362.88386799435466}}