{"cameraMatrix": [902.2339466347986, 0.0, 640.4174320514304, 0.0, 901.9397433831627, 370.920454798831, 0.0, 0.0, 1.0], "DepthScale": 0.0010000000474974513, "Camera_Transformation": [0.6217070674652598, 0.053634707373247305, 0.7814113132203379, -0.41309181020690805, -0.16211480747461315, -0.9672377162156977, 0.195371414304423, 0.13450419479206732, 0.766289182659664, -0.24814213365494286, -0.5926435438304855, 0.6931830603007729, 0.0, 0.0, 0.0, 1.0], "Intrinsics": {"fx": 902.2339466347986, "fy": 901.9397433831627, "ppx": 640.4174320514304, "ppy": 370.920454798831}}