{"cameraMatrix": [904.0120658325285, 0.0, 624.5689578985651, 0.0, 903.3693015912921, 356.43064035564464, 0.0, 0.0, 1.0], "DepthScale": 0.0010000000474974513, "Camera_Transformation": [0.8842063137547126, -0.3226251791716623, -0.33777535209182397, -0.2623215622026746, -0.45602566328203015, -0.7527568707093896, -0.47476066394341465, 0.4058622956642217, -0.10109297277500216, 0.5738206055591418, -0.8127177391267232, 0.5381580757343108, 0.0, 0.0, 0.0, 1.0], "Intrinsics": {"fx": 904.0120658325285, "fy": 903.3693015912921, "ppx": 624.5689578985651, "ppy": 356.43064035564464}}