{"cameraMatrix": [902.2339466347986, 0.0, 640.4174320514304, 0.0, 901.9397433831627, 370.920454798831, 0.0, 0.0, 1.0], "DepthScale": 0.0010000000474974513, "Camera_Transformation": [0.8202854756023761, 0.19562068207940636, -0.5374609634741591, -0.06873009807773461, 0.37889579736570606, -0.8897784910189039, 0.2544252575094068, 0.0017028201501255006, -0.42845036264938474, -0.412343043669843, -0.8039922270039062, 0.955722924878368, 0.0, 0.0, 0.0, 1.0], "Intrinsics": {"fx": 902.2339466347986, "fy": 901.9397433831627, "ppx": 640.4174320514304, "ppy": 370.920454798831}}