{"cameraMatrix": [902.3850698913135, 0.0, 636.8986717777359, 0.0, 902.4399923087993, 372.8962721405813, 0.0, 0.0, 1.0], "DepthScale": 0.0010000000474974513, "Camera_Transformation": [0.9652896168867575, -0.03128135079960033, 0.2593018176233445, -0.3374232262427799, 0.11158702349917941, -0.8482370627933014, -0.5177279415778006, 0.10990853463656193, 0.2361446415170402, 0.5286921243937205, -0.8153038365461329, 0.5001708534947339, 0.0, 0.0, 0.0, 1.0], "Intrinsics": {"fx": 902.3850698913135, "fy": 902.4399923087993, "ppx": 636.8986717777359, "ppy": 372.8962721405813}}