{"cameraMatrix": [902.2339466347986, 0.0, 640.4174320514304, 0.0, 901.9397433831627, 370.920454798831, 0.0, 0.0, 1.0], "DepthScale": 0.0010000000474974513, "Camera_Transformation": [0.8199226268932601, 0.19534647894731455, -0.5381139647615012, -0.06861771889384839, 0.3789986250160114, -0.8897149930871636, 0.2544941518225541, 0.0016737535319528366, -0.429053525966666, -0.4126099662378441, -0.8035335012410973, 0.9558336237949119, 0.0, 0.0, 0.0, 1.0], "Intrinsics": {"fx": 902.2339466347986, "fy": 901.9397433831627, "ppx": 640.4174320514304, "ppy": 370.920454798831}}