{"cameraMatrix": [902.2339466347986, 0.0, 640.4174320514304, 0.0, 901.9397433831627, 370.920454798831, 0.0, 0.0, 1.0], "DepthScale": 0.0010000000474974513, "Camera_Transformation": [0.6212488103348263, 0.05428395930438409, 0.7817308791520278, -0.4132050503546055, -0.16208759141557097, -0.9671211545177549, 0.19597011301048878, 0.13449876652952716, 0.7666665040072255, -0.2484550749058767, -0.5920241104776509, 0.6931961551125873, 0.0, 0.0, 0.0, 1.0], "Intrinsics": {"fx": 902.2339466347986, "fy": 901.9397433831627, "ppx": 640.4174320514304, "ppy": 370.920454798831}}