{"cameraMatrix": [909.0792629205071, 0.0, 639.6442038566387, 0.0, 908.860049933749, 364.61659944940453, 0.0, 0.0, 1.0], "DepthScale": 0.0010000000474974513, "Camera_Transformation": [0.709712304212836, 0.287984600388983, -0.6429411444196926, -0.20417393937476, -0.0040189370719034, -0.9109614558694885, -0.41247190700089387, 0.15433746659064296, -0.7044801582682925, 0.29532032754102744, -0.6453631619075741, 0.7115630311630999, 0.0, 0.0, 0.0, 1.0], "Intrinsics": {"fx": 909.0792629205071, "fy": 908.860049933749, "ppx": 639.6442038566387, "ppy": 364.61659944940453}}