{"cameraMatrix": [904.0120658325285, 0.0, 624.5689578985651, 0.0, 903.3693015912921, 356.43064035564464, 0.0, 0.0, 1.0], "DepthScale": 0.0010000000474974513, "Camera_Transformation": [0.8841142311426367, -0.3239758087727733, -0.3367219945609309, -0.26189014440500735, -0.4563376954379671, -0.7536168367805193, -0.4730936176311084, 0.40629653316062686, -0.10048847701816042, 0.5719277390116269, -0.8141257441793737, 0.5388716681584818, 0.0, 0.0, 0.0, 1.0], "Intrinsics": {"fx": 904.0120658325285, "fy": 903.3693015912921, "ppx": 624.5689578985651, "ppy": 356.43064035564464}}