{"cameraMatrix": [902.2339466347986, 0.0, 640.4174320514304, 0.0, 901.9397433831627, 370.920454798831, 0.0, 0.0, 1.0], "DepthScale": 0.0010000000474974513, "Camera_Transformation": [0.8200571094895026, 0.19535299437072814, -0.5379066320153637, -0.06866543052388846, 0.3789933447452034, -0.8896619307580375, 0.2546874429545445, 0.0016582998299443197, -0.4288010981965473, -0.41272128192070645, -0.8036110761028394, 0.9558289246953398, 0.0, 0.0, 0.0, 1.0], "Intrinsics": {"fx": 902.2339466347986, "fy": 901.9397433831627, "ppx": 640.4174320514304, "ppy": 370.920454798831}}